-- phpMyAdmin SQL Dump
-- version 4.8.1
-- https://www.phpmyadmin.net/
--
-- Host: 127.0.0.1
-- Generation Time: Oct 13, 2021 at 07:46 AM
-- Server version: 10.1.33-MariaDB
-- PHP Version: 7.2.6

SET SQL_MODE = "NO_AUTO_VALUE_ON_ZERO";
SET AUTOCOMMIT = 0;
START TRANSACTION;
SET time_zone = "+00:00";


/*!40101 SET @OLD_CHARACTER_SET_CLIENT=@@CHARACTER_SET_CLIENT */;
/*!40101 SET @OLD_CHARACTER_SET_RESULTS=@@CHARACTER_SET_RESULTS */;
/*!40101 SET @OLD_COLLATION_CONNECTION=@@COLLATION_CONNECTION */;
/*!40101 SET NAMES utf8mb4 */;

--
-- Database: `votingsdb`
--

-- --------------------------------------------------------

--
-- Table structure for table `party`
--

CREATE TABLE `party` (
  `party_id` int(11) NOT NULL,
  `party_code` varchar(55) NOT NULL,
  `party_name` varchar(55) NOT NULL,
  `logo` longblob NOT NULL
) ENGINE=InnoDB DEFAULT CHARSET=latin1;

--
-- Dumping data for table `party`
--

INSERT INTO `party` (`party_id`, `party_code`, `party_name`, `logo`) VALUES
(1, 'ANC', 'African National Congress', 0x89504e470d0a1a0a0000000d49484452000000be0000010908030000001d126dd600000141504c5445ffffff000000ffcc00008000f7f7f7f4f4f4eeeeeefcfcfcb8b8b8565656c6c6c68a8a8aa4a4a4ffcf007373730084008080806c6c6c868686007c00e3e3e3afafafcfcfcf1c1c1cffd200e0e0e0d7d7d7bababa2f2f2f0044009e9e9effc9003939394444444b4b4b656565c9c9c99494947b7b7b4646463333332727273c3c3c1212122020205d5d5d0c0c0c5252520061000069000038000054000075003c3000001d00005c00003000004d00001500709800e5c300c3b500298600839e005b9200d3bb00aead00fff7e2ffe6a0ffde7cffeab1ffda6b624f00fffbef004100d6ded600220095c09567a567002800cde0cd001000acccac8cb98c9da600adc3864858008a7100528f00fff0c5ffd54ca5aa007e6500edbe00ffdf81cea500ad8b00231c004e3e009b7d0effd132160800725f14968c71e6ba1ffff4d4271f00f68f6a9e0000178549444154789ced9dfb7f134792c0d5461abd064592f5402323eb35b22d5916016f800021216421b9dce5f68ebb6cc806c886db4bf6ffff036eaadfcf99d148fec8fa9ceb0784f598f9767775757575754f2e77233772233772233772233772a5e2ed1a6033a9ee1a603341bb06d8487aa8b76b844da48ddabb46d8446aa8b16b844d6481f659f93d84506bd710d9a58216fbacfc553441b55d43649711f2d1c5ae21b20b3aaf20b4b77e438066117e7fd71859c547a53e42f55d636495096a45f867bbc6c82ad19815e1a3c2ae39b2490bad72a508bfb26b906cd24721c6df539fbf8ea6187fb86b906c728af2183f7ad943c9a3a31cc19fee1a258b74c0e263fc70d7285964804a147fbc6b942c5206571fe3efe594055313fcceae59d6971e9ae418fe60d730eb4b1bf939865fde35ccfa3243418ee1efa1f2773133c50f764db3ae14d0085e28bebf6b9c75a5423c358a3fd935ceba12123f99e2ef9df28fc9149de1ef5ba4162df00bc3dfb3605540c3530c7fcf22b53ead6f86bf67cadfa0dacef1f72b52cbaa9be39776cbb39e78cccde1f87b15a9edb31916c75fec16683d69b2f92dc7dfab48ed9c451704fe1e456a8be894fe4fe0cf764ab496e489bb9993f1f7a9efd6989323f0f7c9e50f98ae70fce12e71d696212ae2d7fd1cb6226c9fbeeea5cf9343e7f885e1ef5b90bc4a62530c7f9f062d108fcc6f29fefe057a96784d8be2ef5f88bc834383a5fdf3d7a874458876efc23c39982f5672786114d131607fa4582c468ecf0ac23dd85b2bc21b7b230564ca1e05daf216fcbd72986960a740bd850e42f3d9643c9acfe7a3d5a4d61cb42bbdeb9b2b9067ba12e157aa634b5b60399a84a5e01a2efa32fccacc452e49771256ae974f8195a73249c1ce6539986e439bfc6d045323fca375d8a99cd7da9b45a2db8bad44048a19d8999c6455a5fc007ebe85ec1bef74037c2c0d3f5873989b5255dd7c09b9bd293c91d3593b6d19a6c2446c1c11682054df4e0122396b0c2af1c1e96050967fb021bed705ef7e6bf844ce974dbf12b4d4b6f082fea0615888cdfafe14a161c1ea346c47ce4e47e3f1787e74eefac246eb0803124dbb3afc44d9a4f66b7466b243fc0d747fccecd63ee217875cf376889f352850e8a273e6b5ec103fe3a85bb84043306c837ab853fc6c2e5be4d8e3907ea4fee73bc5cf14d488ea1ed20561cc82eccd1de26709a6e617e82407e96b68e7f859b20f8ed03c8727b4206736fccfeedf7dfcf0debd4fb1dc7bf8e0f1fd479f5f09fe2811d69013bcc5205fad36ebb3daa4a1e1df7ff0e9e5275639fcf4e1e3477fd932ffdaf41374a1cdb739fefd8798fc964368211edcdf624bac3be5ac9ad17b82ffdda731e45a210e3f7dfc683bf8ffb21e7d1f0fd4855e8b0bc6ff3e25bb5c86cb87f73785bf7bf8af6bd1f7f0482147051718ffee3aec52192e1f7e975d931e1f7e72f86febd017c9c6a633e91a47d9f169110eefddfd7e7df61fee91e65e07bf8c2d95325ddb109f16e1d67a9de1f3c79754572fd708db0df0ce8eaa72a52de0d3227c7279efee0f29d81f3db814fdecf2df53d3f7b083df572f76b11d7ca90c8fef7fe6acf56854516dc41a7db7eb7031b686cfcb1059d67b0f1e7ff7e887ef3f8fc6b9bf7cf6fda3fb771fdcbbbc658e2ae9fbee8ce7bd5c29be54084dac5f3c4c49dfc1b3aba226f9e2d5e0a796cb9403d7052c7d06863a6e60f7b72287ff918abe8a86397c1680265bb23cd9f153297f0bab8e251cb86bfc74ca7f829a36d5b906f8692c7f1f7bd6a6eaec5ef76f1dfe6732fe05e447e95687880dff5093abe54fa4f7d130e653191f60bf78f2e6c5b3af9e52f9ead98b37cfbffce2ea8a91683a8bf1cb181c3f227ffeece96d2c075c6e53f9eac5f32f6f6dbf0c8797ff95801f4282510b752db29833fcc3c32f5f3cbd2373eb1215e1ce4154882fb65886c3c3e707078995df838423ab10cbf3ddad2f5e1cc4a12b8588caf0642b653884bb1e1cbf4ca8fca5dd680afcfffeea4e2a765186a81dde3cd948970e0f9fb0bbc6e2e3e96d3916ffc73bebc08b7678faeccd5f33950154f580d5d8f14f31f43e44045d958fba18ff6f59f06911a2323c5fab0cd1379f3c5354f56d0cfe02cc4e6f0a52c1d28fa414491ba4b419be5486374f92ad2b7cfce4c5d3db5a373bfeda495f493cb763637c56863b51217e8ec6885bda70c7fefaeb939f9fd98ddb374eb85562107d3bf8bc1051290ef060f7e6f9f32720cf9fbff9f9d9b3a707da7822cbb18bcd036f273fabbba4ba5d7ca51c8ac47edb693b43c8ebf25d1d972d4f6c1f7f5d71e0e3212b26dfe5e87ae03b6c67073aaed36a5e1f7c87ed9cc10cb71683bfa1dddf9ad86d270e875762647a5df06db6b383868e3e21c9b5c0b7dace7a9a3323ae09bec5765ee0f8423346c238fc14167b8b62d0b720021b67771c763f1a3923b9fdcb2fbffcfe7bf4cf01feeb6ad98f8fdf19b9643eac4684b1f886e13c3e3e3e78ffe1c7d77f92bff5ebdffff6dbbbb757578ae38f7fb668f512721e8629f0ff41f0a349c8db977fe0932d0d89b470f03ffff8f03e2adfb6d98fbff9c3da2961e1d196de2e4997e347581ffe8e571d6df83dba3210e6befef3ab2d16e1f8f8ad6bb2d2c3751b48d211c2fc7f8a7ffcf1e5d71e5d34b5e0f7691fa2fb92a108b73757a488dda63454dae94e1804fc775f136c077e93aefeca69fdfffbe3fbdb1bf485a8015fc54d12c15948b5f79027c0337c43df605d0312e3d563ab2608bdfef07b96ee1cfde6f797767d97e428ea6f85962c9e24052cf97cbe20e1e7a37f3b867fede1653de3acd106fef0f56fef8127e5f80086edd56faf53a4b11561a6d288efb954f8f683f299e5d3010eb05bd216f9c57f7dfde387f71f8fb138b123f9f8eae54fdf92c4e3c4dd610124be3833401559f6fa8359b96bff30324eb939b29e59a5544e31f7ed1f3fbd7cf7cddb8f07c77724393ef8f8f6d5bb973ffdf12dff1d646027a522f5516dfd54a3790dd2908bd370c4df9a92eab2e6dec8fcf2a8594717fffc5324fffcd51a5fc539f70929b461545ff11e832c8b72b5dd91934d8a9d70852836bcdaf3f4a54d17327e53bc6d5572184312ceaf6b44636e09e912f422917a72fe34d2f84acf91bc1ef8930ef13bf8597f1ace24015ffd3aaf83314acae29c477dcd70788cfd64a0170989055803d91f1d3df0c2f9e53739bedadd5b3c73136c81639d990ab80c86e199e63c75b68592d311210b82311791917d3989c1d7e94555d592aa1f2e78a2e3c3f45793f84ac01712261fd7879ddf82aff64e9cbbc8920761683f89b9a907bebcbe1a175a36da2465a1fb1230cd3fd4f8970e7c0bbd30448df85b0750381dd50398b0d56382529cbc7c2ea1b1eab0f11bf8567a7023f9df315b23a75137d5ab7a0c79259289a8a2e45c44b0bd6c8811ee84855fc7b7d38be35b46b137af44a396ee3bf6a1f545915b28c55930758944ba94c9afe1abe384a0e711ef52ecdddb919bdbd2f0f16d84c245e55f25d103f290fe77205f4be32f2bf8758d5e193ea9c101d570ef0bf6a37eda438ad4a139447787e227ee79831b33cbaa5e4de31f29c3560c3d679ec4698f1ff90c2a7e3d0fca2e52fe91e18659960242a13b5a1e99ceefde75a6bb2ed26946ce05671dbf5ec0c4e7b97cabd31f341b91e6d0b33db834d08531928cc4b78cb5d594bb070cc78bfe0ea6454ebf73a0e0cf01de2b47ae997c1dd521c1ab8f1335adb888b869b56ccd4cc56fba8d4c7b8e6272c8a1f645d70d7396550a257d1e36e3cca1048a0f01f7a6e6a162e2a7e1b739bdf4a33a722b3fe00bc319f93a6422b5184f9a83f6b457a8a83e6261810f27017d3c0ae4ab70d5b7ee6d54f9bdbeef575407b063fb15bd4109b9278d7ea45762b69227564f1ae6daca9807ed8495a4083e518d176c262ac8be3156e2afccc95b4b69c0b2d2b31f816ebba209384cc2be7f463a9efcdd0a1fbee95d98d2046712d509574fd7ae64ae6b92773b90af6b919ab8a4ebcc70982b72fc19feafb24d2a2f592d308992cd018d3925ad2aeee53543abd4695d2b470c5083e2951b5669d21b2ddcdb573a9089c1020725ac1dea58d266e56981eba378280568aa06b1b429cf546f2245d26d285bb94d4f009fb04c8c16ee26da37a23abf98ccb0351feb132e6c663ab8efa7b28eba7b926e574acd1d30f1e09319bfd8cc3637f649eb2c6dd39e2a58855eda8a34cc52aa4300e23c5ef8843a594be2b55b421345afe5727b4691b20528e57ef80b1d3fd596ac3016bfc0dc9490ae52d8490b5e2be8544aedbefa71231a173a29f1cd7852aa07b840edba5ca551d4f86cc8eb90b9b1bce7a9586aac4e865aad4d7c318c8c11317c6936d55a62ea69f0fd18fc5aa47fbc560262d9b8a98f39d46354c5cd9047143f4ded9b8b20e7c93f8aaffd1074867b6834b501dba9a9bace7e3e5ad69a03bf267b738d7613ba7e6add37f0531d5014a7fb7de83ea2925ba42926419d13f63b81273b985ea53a9708bab9f496c7483c48656ee32c4f0fba8f34bf6bc9c6795572355a67c0fdfa5c7abb6ff895697e0485763fa00c51d341e4a4c8db62e827ec156cb567243c025e097360facdaa4d66c41c6b7d897857add0b7ca80dab872dca6d161d461b9a30573723cb09f87e90e7798e0491d125eaae33413d638cac2063b4dd5b5a84c2d60376e7ca88337c894b94f1529f5e6fc1e1ee64662b0b607dbb9135b1c89379bfc2af6442e669650dc2a45098ac6769995f010365f6387e919745ae892f46feb5287ec82b3e699cbb6caca4f1b07faa2bb67b598e526f769248ee4f9400e3a9e81e185bb7bfc8d58fa1c2c0754c3b6a69b367eca0c151a3328e2e697f11da1f04250f19b13329b1ad6fc29e6cde3c923949e594ef3e8ad5446c9c24f2b043423e6509f1a5c7f29e11bab6b95417d695b4c5c354b644881aecfd4d358aa49192831f8e7f48379fca1bd257035db6e7c6fa55d77a4e51cf67046075b00d03d83d48744e8fc5409a03335637e868fb92b38f1c59076062702f5b0356b4dfdfa58ba4f55b4756eae40e841b61835d0f8a9d904d58f1dd2e760274776fc00d77463d00f2c6e74212885675cf919a81f439f1bcaf87a27537ec9060598dbc79e67358031a72df0a5ab62cfe7346e6585762c242c7f21867eacb809337dc549e697c2edcb387a623a0b02bfccfcfd8aac830e69e35f617bc3da47c442f49f8ef5f8fe5cfb82e067d6bb8f12cfab3e05e55a727c7a5b1c4840e584e038189a11d11ea674410cbdbe3c3174f1b3dbae9274077e33a1555da23df534a0174a9c4b87b4a12f24b4b29bde581c72e80f8bbbb450f241f305e677e17c2862e1f1bfb5e433e0f0eca54e0c142b6bcb4d6f2ecd1d69f7c0fc3c30024a99380f2dc3bda01eb1dfc81cc0aeeb77c57e037587e54633f46945e7b179e693ccba93deb2306ae36777861e394ca2277b3ff044ba0b8e540b9beeaefdbb85b6657fd1802073fb6c0edd6c9430f1d199c1cf1dcc7a1afd85db75d85c62027607ec89ed94eed6800c4a2bbfa98ec5a4a278893b7acc708cdcf8e85c8bde71730b359a66363f00586631a0d92f2c3d26a8d2b4a50138d4aa7330b06b8c416f4fc9e83ad23d96e92a1f34b725721b8e6c415732cd9e87bd053970460bda504fdfce3196bf67c1470bebefc01a0f53d043d5d5a4383bc6d746cce89d5a3f9fa3d9fe063ef5faad910f392a6ec74717b6191218e37467ca91f4c611bd1686d5268c880d1f8e3c4e8fcc542c6dadc4f41df8367e309a698f7aae49d57f6a531ec44e2972e04fe89abe81a11e7aecc2377f88c7d1b407a892ea27b71a91d04359b960123eb45688cc61543bb2d98daf85863d646a408ccc78fd81874782ce55a90089f8104a824474d562e9074ec7e0abfce0a9aff100f402ee26d863c300c4f969f0f227e2839e626b2a8f5896442d37be9c7854b63464ac846848efbf20a327f59e267ec72b9af8969cf90aed3dc26699519f38fc95a87e6ca6d73b110cdf97547a994c16faead09a840f1fe0320bf393d7ab3f06dfd73e59f31c4eb2824e47d61aa909cf97ee9f887fc4ee2c4d30b419ac137f2e457ef0246fed732c5730c7e1ed3da161b07c252c5fa4c3c77e524dabc982129775e1cb332a5b22620af1b0e726e24cdd50ea4b7e1a7cdceb31bf6c347a52928c15ff42f6958ae36cf41831a7aeff5dcc4ab451db16fc951a140181392a6efbb13ce2b4f8515d16fc89a226ad85de18e965a4a80f939399df0f06167ce85c5e50f1abb3c98aed3d1ae559ff57bb5ea77aa4e3c32a72a8ad2a918847c663c73d6c355cf176035fbb4bb1d00a3a25a83812a3d08363f98eaf847f7bc61a42814c85321f1c5dc270a64ed8f157b3d0ef777a05d333212ab058f3105f62a5561b3c10a501d6cfb18d2baeeb9e8d569359bd0aba30edb4722cda535ea3223b2476bad933c3cf15cfdf8d6fdf7241d6f930334d0b6ba42c40870c30471b3eb9d4c346dbbadc91023f0f27ae534b52a4267899a2239668cfdffc5146159e1db03ebe07311eb110d5a3fee6227ea18f2f22d7b6f1a88d10b7bee5d12a89f801bcab64d47446f4a3f3ead4da230b7d3e4ca655b324696052f3e08324fc0ecc17f5cca140f80ca7337fdae293f242af3268886d54f5ed3da8059f039c37ce084bc027ab04268537d0f67a2dcecfb51c95f9761f547d868616f3198f5fc1e160bb97db0b639e1c32f6b7fd841c7206b63ea152f0f594c70a9e21b9c7a982f54945e5b073154fed2ae01cf882dac671f81d4c9f1412f33afdc841aad56ab37a345e0757f784a8025e99cc1fa5c40fb0e65ca3c7767a17e8b4a8da4f373e89305e23faa8fecf51d753c62f17fe7921573cddcab381b62980d493fd0707fe2a6aaac5757cda6e195769108f5f27d1ad2b78487ca1536afba569f62bcf70a8b3b88cc16fe390dc291b4cbd3617cd9af7796a5553f8701d9e7ca53b6bbdaa18ec6a591ffae493e841c985bf68611f6922ff808916e395e20a22fb54245fa9c9c73d2d91e228630122cf7f117580fcc48a0f73bfb232c390c2425a8c4f3e589bc3087c652dca325d5d23de294be19478e136fc6894ea5d28535ec5d150b547c6e7fbd8ecf8d60709667d226e1df2048a26feac88a7564379ec54b279543f4c39d69c0590acf88e0353b23c420304a67d7d13bf9df3467a384189a8a9f5a5e0b328ba0ddf71aa66d6e7c7449a4fe217baf280866a63957a3fc51b530f952f38f163ce87cbfcfcc9b60ddfcc39d4766d296553f1ab2e7cebc139ea8f328867c3372ea7e5e1290b2d2a3e72e1c73e8932b3739db7e09ba91efaed62f07d3bbebabde56ca26620649e94a5c237a2a3b21fa4e15fd8f1e5ed2dc39efa95a4bcaa4df18dd146d62e0d9f4c6d0c7ce90b2cef7a2abd77a5f846b2a79c4fa1e30f6df8322a370b92cf9ed5ad4d836f6ccb52fc501d1fa3e8f8926354b55d37b3e94f81cf2df68287a8253fd2c05f5af0a5d8b6e4728856cd6a3ad3e0735765c23b8174c485810f4da3e38b0fa5ad9eb9ead190c86946c72d0dbe88fcb4850a8b71cdc49f19f8929ac425fe5e09be70d77aa22462fa6ee2474e80862ff5dcedc6dd52e08bf152d2563191b1e0873abee4b0667dba62667c7ee7893cfa58f0a5720a5e8c2fb96b9b3dd7757d7cd1f06df9b4065e8b02bfc4fb78497c0fe32b3bb0ae143fa7e3d7e53b0bbf91db0a81dfe66b4f47d7075fdcd9fc4bc5f745d71053131dff8a9547c717ee1a7ebb6670c8f8fa49200c5f72cf367f20f65af8c25d2ba9202c0c21e39b1b8f09be34ddd9c6d3d4d7c017b168fcb1188086367c734688f1258f5b8e12b5c4699b57842ffa2a1ded45fd4a1b9838beb9f715e317b4bfa9383252b6882faab33b3c8d642856c6da367ce51022812bbd215d5cbce9c80bdf18df1a5922b2b4e11bc769107c69a62bdc0de9049e8433feb2e2c79eca58b4e01b3e04c1974c8f98ea480180ac8e5c02bec5120aa9d8f0f5754b822f8749e40d204cb2daa304fcd8034967367c3da842bbeac8e0f7e4f5e5ac8b7909f871f4b417eaf85a3c8ae22b41d2b341bf34b37c69dbf853142b810d5f0b4831b2d80b655e3e8bc7b79e892424b4e2ab2792317cf3705021f204727d7c96bfcf8a21f0e3e9c96a8a819f535650b85e3832d140b2fb41801f0e40c42bc797c6fa5e314f450e5ab5acf84ace16c777c76893f69f25e03b2f2740e50315243adf8aafac43885e693b5c0c24bbea24e01f996fe59481756cc7974125a362577ffbf69cb4f8e3a52e6536ae48cdade4058cc4fb792bbe7c00b46c136df57fba097dac48deafb21a27f9057d3bbe54cf8a49f70c176abb611f45241556deaf2870c2b84aeba8e21bda91b315a9e9109a5cc19a3d97bcf43c464594273516addfb2bf0bd2f227785dbd3b695f5ddecf154bdcd6fc1bb991ff8ff27f3c71dd006c3529500000000049454e44ae426082),
(2, 'EFF', 'Economic Freedom Fighter', 0x89504e470d0a1a0a0000000d49484452000000770000003a0803000000bd21360a00000150504c5445ffffff056839231f200000001813146d6b6c8d8c8c120b0d636162bababa1d18191e1a1b4c4949413e3fd2d2d2006636005f2800622f111121006d3ba90000cac9c90b00049e9c9deed3d4eaeaea0000227a7878af1f24ab000c00623bae0e165a5758a9a8a8f8d408f2f7f5bad1c58fb4a0fcf6f69fbfaeb7373bcbddd4dce9e3c77173d39092f6e7e8b3282d8280812e2a2b7cac941e74494a8968397e59dcaaacacc6b8005a1c6fa086e4bfc0c15d60005c3e9da81fd9a0a1f1db00216b38cc7d7f558230dfd10eddc51173922a3b7437467c34cbc216889c28173f2815000c054327143224122118bc4b4e135533002d185359368a62649c1d15a52b27a68a8b570c1612181371817c814f52a172735f5333bf8b8c99776c302229712c2e82422d4152283c232083212229382e793d3ea04243322b2044391d5d4d1bb5a011d5b60d867818a48c147c691caba514fb00074100000704494441545885bd987b7bdac815c6852e2309ddad9b8500496030066309ccc5c6b5bb0d6977d78ee36c936eb66937bb4ddbb54316eff7ffaf4712c2928db18de9becf93581c66e6a73333e7cc19302cab6af86f6b30186cd73ad8efa76ab733a8e5e448fb4fee5ddf5c11bbd55314599172a194eda7f6ee6b5aa3be0a76308c9191a4de4e33b2ee3cb2775d2b164bbbab70bb292c80e5610f8cfbc3fd1abc41b3d9ac2eefdd2f158bc5c60ad82d25774b4aeea0d9932498fbaeda557acb3a1f364a8ee3684ff777a72649b7b93940c6468077baf777ee37b492d66a8dfa4fc70eef787bfb1deedb68f5bea3954aadf69399a02d7909f1e80fe570d2170756fd784f73b4d5a810b777e73851f9e8e8e48f4740966b0ba8bba1af5fad46854dbb6492fff4625c19bf780960a579ab5b7bb7582a392b53b1ed65b35cfef3b852f94b34d30759ea5725a0eeae4c7d809b2b9f7c7d528e9ed233dd6e39a5d2deee4a092ad160a9bf2fbf397af94d04be7178b315f9fa2cea03bb19c8b9d8dd9cd48d93e6e608b6f0def133a918d679207655550534fc2fc9cd84da7f3615ab2ec85437c85c59fdf6f4ecd5e9297d7ea12ab5c3d7406d3c3d312d50edde6956d50bee63f046f029d7b76dfb54fdee5dc929350ed7415db2bcead9fb739bb2199b26758234f8bf169da2f3764d54e00eefc1befae8fb8c4178014e783881dba6e3bcfb4eed4607e2ce03c7e26354bb071cf81c83681ab986a7b3ac6e077ffbbeac4a5d388d3bfbc3dbc96b151d2cdcd06506cff3a641527660d2799a21b8c0a7553813bbb2a2286bf017ab2e72583df35d32f0088e470232703c8fd324255ca810c7c9e9e4a18cc4d026fa199b77b79d6fcdc19df4d69a4595fa069946de2370609b144009c411fe7b35fa528e320843d029116c6863b3363bb4b9599b7ee3712d2c2c208e2505ea4925e122826069dc6009dcb46d8645e0f0c7f8d5e2e28322f1948c19376d23232e936997e64230c972b72bab9d9d6ab506eb17724d64fee0f3048f28dec70d78c23957b888dc1dac8b8b3507b043e3a2b17ad03990607dfffe76d4fa40f93619f08640b1028773bc7ba6ded41e336e3e1691e672b1cd4873937619ee2dedabff78075942fba78d0892667c97e53d23e47eabe6e45e35c3e56309fa0d974b6c28c54d6ce212ee8f909b8a8ef3e107d266185fa00944b87998ec8fe59c3c3f0e232e17643ac65c223376c4e5f825b858f5e346487dfd13fe9ec66953a0395829082492712fd4d4e9ff246e5e58ca6c8f46c745cd718a3f5f30b0a2b095bc64a7e405fb4c4d573bebe16ef60f37dbed3da8fb4bcee85f70daba7c1ec76914d2a3350bd01b4893a944f534ee3df30cf73910cc6f312cd6e0709478585118363f739743e7aa24a5f3e36c5f09b19814979bd9026bce9db7a332d896f653f0e9d307d84b5a2bfc5c93d520f627094584ab3925731d9f71b948b49be2ce6c1c91e666dac56a379c4feff3a83ad2faed5965da83049d8a760e055292a76e7167ab9fe126b924cdcdb48b7458faf7796056b163ed786edb0687edf9202465be098f84e63ab9bbdaf7e740ad1fa6b0707951cf28743302f54a4dce832c972362f169ae3133a6b8d97610adafdf0a1ed6ee8fb4ecfdb527a9829b6c2a70f83f2177eb0e970bc499525c9a4ddbe2bc2164da619bc5ff7a9bbb0d4d6bb4b2a5d38112efe834371346cf8aa3bef6cb686faf75bc79e7a2b325475c6ee33208bb45dc9c1c719bab70d379a3de0a918b6bf07d29e4e6af3e5f5e86dd1821e44697c29df479b412f7ae9773c16d4d125c7232ae4c3e73736e9437babde77297088a3de0e627852fbf16c2e15d21c44ad5ea762f391a66716453b1ccb57055481302434fa693f1af51d8f19224ab3b5867280dd3eb0b5b2e1641ad85db05aecb174eaea795e946787cba8a1a96371d454a7eeac8d639714df36cee402e933e7735c1bf5c7f5d88a6d388063b50e641fc7fe162c229e71bd75fc695cfbf5d83c3b41d851044d73c495306995232cfd173961bb6a31fcb15495fd8b8be9e4e2e0b2f36f0a40e1cc8f2fc972c934a8b89f695ce44cf567a24147def3f928b7941be30fd3c9d5e1526539869231a77305ccb1565997c1a2f4caf80cb6d9c6ce0645ca7aee526b85c9ec11526d793c975a1309d6c5077cb5e93d2290fd92c6b7a946eeba6c93296c57894efd91ec5524884ef4506336d53a44c53375d93317d5ba7d8e55c91c0c795934aa5321e8f2b79eb6e03df44a2687b3ee3333ae211b219cc1201689ba667b3f04616c3201743267cd62968531574db67ed054365e45e85d44827970b92b8af9b2ca2e03ac3502cf229d3a6745d44966d23ddf344047f28e4da982f7aa6e9da1e005dcb363d9679805b15361215165d2e7464214bf7448b154d0b0e56dd42e0705dd775a4c3b4c247b0ea985e172d93d52d4baf82df22bcd9035c6c5e3a130f2cc9bac5e7e30ae5d1b1b71ed57192868a28effdbe58c87abca9b3e2f37f9bbba5ff01a9b5d6a70270b2720000000049454e44ae426082),
(3, 'IFP', 'Inkatha Freedom Party', 0x89504e470d0a1a0a0000000d49484452000000e1000000e10803000000096d224800000189504c5445ffffff000000e20a17ffcd00008131e90a1862040af8f8f8aaaaaaffcb00e60a1777050cec0a18f5f5f5ffc900e80a18e0e0e0505050ffd600888888ac08115c04092a0204ba0813008532727272d6d6d600461b81060dc1c1c1ffd000110e00afafafebebeb626262bababa7c7c7ca1a1a13333332c2c2ce3e3e3949494cbcbcb5e5e5ec409149999992222226e6e6e3a3a3a97070f494949ffffe91515152d2d2de10000404040ffe289007c233c95561a1a1ae5b80000760ffffff1ffd43e8e060ed309150f0002ffd95f4e04083d3100705a00846a00d2a900bb9600473900ffecb3a78600ffefc19a7c00ffdf7b96c0a1003012554500927500645000deb300ffe495fff3d1ffe7a2ffd545322800201a00ffde00002d0000220dd2e5d7daecdf68a7791f89412f02053b0306ffe361ffe777ffdd41fffecafff4a2001207003900abbaafccd5cf519c65e8f6edb9d5c1acccb488b89400732c005f24006800006225986162fdedeed3b9b9a87e7feb7275e85a5ee64046fbdbdcfa9598fcc8caea676b2102035769df4b0000200049444154789cd57d8b7bd348966f89106487d8912358da6a0c926d39b68c1f380e4e30494887e6d1e9902c4c13a0772684e6eede9dbd438099d93b77e7f6ee2c7ff9d6a997aa4a25db097930e7fbba896d4955bf3aef530f2174ea143825bfe516cb856ebb6f01f5dbdd42b9e8b6fc92139c7ef3a74a4ea551ae59a369a9dca838e7ddd1e390e357c761537056fdbf27984e5836e3e8b7176addda0213d60435c3bf079476a9a8f57ba1ec8615cfc9d9ea753927aa846e7949bbba58b1539efc5550ce2fc8bd6d77c2d27853124461b12ddf56f07367d0d763905d91e135c3e828ccb0bdb02983fc0a39e949c25938a63e39a1344645ef847bf8659489c5ac5a320c7fae1e95fcb0e5568bc54eb158755ba15f8aea26612c5563210f4fbddf13521077aa1a69bfe53cdf2d2f984d2758a1a6eb7b3a504f7a5efdac408c204f7886b20a2f173564a7f1f3f7cf1e3e7cf4e8d173fcdfc387cfbe7f2d2b6d23526146e2cee6790babd7633d1966e43ee62a55ceb8d70f9f3f797c2f7b635ea71b53f71e3f79faf07b2e93d58afc045b087eef3c310a7c4d997d5e834533cf9e3fb90750304d99087ec0bfdf7bf2f419bd61a921a3899ae78db1ce7b50959c5ec494e8e18f3fdd0070466809a0f337ee3d79985465a1e1cdf3d0479bb7de8885cb73c9373f3cc5e8260227c3c4ccfc91f2d28d796637582bc533779021c7275ab63344f59e3dc91e159d8432fbe4374429c31810c778b6bec36366c0151d7188c7ff01e01d0b9d408941124e7604236d97d9a233544716bf9485fe9506f0f9f9bd2f84c741de7b0a8f1b94f8e3731d26aa6784af449bab8921f5db847df327828f60bc31ff181839f479135e97365a32f6e884893963d1b80fd9dec39f4e0c1e03397fef117e6e3f6e86c9cda95b9c8836d4e10d55807f8f4e463c758cd9e7c0c70a6bc966a2aa0786274caeda8a07befdd1975a9754a218853ab0d1754f115f5053143e0702fb303f7f3af018c647b249a326ae766a15ba48d5f61678bfd3904f15e33df0902db50ba724a9d4f5169806824bfcf9f1a4f8b2d9ec51a16581a65e65a7e61fe33c64c844d5a64972e33400d228940f26c46c4f278e5db25bdbcbeb798e323b1e6ff6d5ce8badbd35dcd0de14ce4b7e848095b54ca3a9e689e3cbd16c888da4070ef0dea40a985d87aea2b5ed9da97c3ebbbef3627bf1659e42cdafbf5ac7ffe63149b0f39b6bb49d7a09cbe34bccc6fc6fd4c671f27cc2e52a873cb5cb24142cea8f132b60fe05b0bc5a822eadb1aea39718d1faf236ff887f58db7b3195a503b287152ee352a12960b3b2939f9a7f125b519bbaff132dae46b20d058b7a04064eed218786b10b6ec9b6a1d2bf84857d8ba0b323bf14459e13e4084bf6763023b7309b06564c18d7e2abec8decb3d88a164fdaded0788205f710b43d9d9c813b711e2213d6e75cc965b158bf5dab0d7acd0a8821c617e82573ecf4b7b155fd3136e4f491fe49010c6527814dcccd9f267781db2837b04c541e0aa88272aeeb885442a62e96c817d91bf75e0b83539207fd4ba921d918bb877de0d4c42e701d87757073bb1198715abeda5650305f661573686d73eac643cbea5163402dc389780d3aa45401020b2474620666b75007e0814da0aadc2babd31a4955f2b429ab010b47815f2fb34452eba22f2712c21180436a9aa1978f8f10a46581ff22aa0c987daf7445f78de6b0427f1bba61c9815b3c76713f4058197f12e3921b9e084422a26d2a18d8e0dcbc7784202dbb8c30d792cf1415dfb4f8d255059825a4d8cb63d77823ff9aff64b74f405043092006fb7df62851687eb164b277dc52d6d27db6a52a1937c61e66223602cff84f14e217991b5f028847fed9d14a4caf10b61b7ac6ea08114d6217c494554820e37a01988825f52137a914e288078d23621d86366ff4e1242a986584ffda0e4cf163ec1dd34b12257d109a121331c4473cfcb087667b3521d1e1a6b2842ddaa3ffb5b9b9f90ad3fa3a81a222a21fb39bcb2fb6b6f616d7d066760af4a9927cac2720a617cfc8cfe5b80ecc383fa04c9c9a7f6a591df2432edd628da79c640d00e0bfaa3f6fe709cc654e107041084aefb511b13396f1c1c298a6f60c5c843238cc8744948924bea11003890d47a5857898b1883eff676c2260a941ad3be8f50a4d176de5a776708c6c33426839ff12398d6a137ad343db8b15de0b9d6cc1c5346b8a6fed2a5f649875426b5901910a2a118985e3006cc6aa520511455a3415220caf52b08acd5eb7cf958698a6825f21d1d8204d43a2f829298ddbba08f34129a3bdbc8048cd0d51da63e48b0d8a82fdf9e85fc828161c694d414466b685ae04452b83bfe810e1aa6309c4ff59c5aac99637e287a4895753ef32f731587618179f72a7416cd791dd2219662a063e5851f8628087355aeab8999253e7f36af2a450ae1aab96ddedc3a7b6c1d210e68e44d834a8a8e07b8876a68445f5c96f45aaa24722a2bf5dfee8673716ebca234473daac174c15f1cbc0588c53437097815fd68601d8d556bfaa07482c330a5e32330e7e91b6d61da5d366aad1d61191b7d7537bb602304c0188888970e2abcc130d921a5ac5bea55f46dc7b4bbbc7ea0ac6e776b8ef9dff8175818c59ed28008951f1f8bdf92d8c5896733e9c067f164836b082ed828924356424ff1a1ac74e364e9b717cf133e383475574628ae251c4faf6d332568c82f4739db75535dcdb8e79eda558b8a6a593ac7491991f71de8fd605c01bf77868df3a922a129e534858629e103f21ff1ec75d06264a031999120b24d2238994e740209649dc94e3d7f6911423de78cc594752e749a76dcae2e212f7138ad0c4a6d020fa51cc0fdf5a3237a00354f184c6ae8a58af8be4622bf80ce2b4095bcc5a91a092607860593f103fa138b55c6adf2844f1978dc7db489a226afa13242c2990109ca282706afe37cc8a12e99e6c7e913e06085bd4ec5a5def862ff74e37d18d9e64fabd949025500016b45f815bc97b841ee676b482f94d264ac42b4e0230be10abdfe3652a525d09896a280ab2330bdab24e550b690daa8fd0d659c0082643727e716b2daf02bcf1131ffe983523c913328aff7a343f45ee53a4d4d249fc626ba388f5d7acfb91f6045ffe11fca11a0334bc3871967d45ac8a9e78eaf8e50c10787658ff5ecf4fe5d75c525897a8a3752fee0eb851d96f12dde90fdc6468d6d61ed1959836b0f42833b242ae1aa5bdbc8e90387ed133830aab443a45061e0fe5bd1b53d997919ec5ea0c103e21b034f9220fab9a46b5aa3f43f29cda47fe156b2a818f7a45e29aed84bc25c91632e3b1cae8264ac40a093165a26897358430f0e6e42151d78eed3c9547e5ead801d7b74cf372904979bcc1314e11cc0c0dbb8620a398f2a8a9fb6d3dea8a85385435a862e9896cda2324834ae301796062bb5435b190ca2995ceae658eb40411cf40460347413f91c25a76dbd72d62a0f46d491e3337d620db4551ad9062dd08570a5279bb2b3d0228f6aa8ed496bd6c9e5a0539255126b193a396f9c168113393237694d00e06d45165ad27356ab55cc9a1d5240d72ad621724da101590743a8af1c80682ce5c6450d8ef177d4799b8caace513969431f139633b28ca887cdf1332872f147783e3f7314fe2ebf4c05228377017491f6ae4910653e373c5e3517c1cdfd1cfa695d36df46adba887c0c59bf48981656e9011f0c665509ff0e26f76112b4dd35534436f9ba3f72d59d18b58421721e827b7e6249f13c4c2cc245574ca7173362ae91b4de835db5b2815e113f60c100a73c08f180b6ddaec6b51fdcdbea0412fbfaa123063bfd0aaf30d325cd7d4f243b98a96f38bf8bb811db935394cefc77a46a53036d76c20939388557b6d11796908c1d89006ec514c041692b1c552f838aedfaf23196109cc25601ed0cf038989b6d56b5a6e951957dfb2a1a61a971f04aaae647f89582523e692a552a18e96f7d052663b0d21046fc48e37d299e8091c43eb9954c0cf131f52932e2aa225d12962f77dfa771450415da05d2fa35750051709336fb769c9fe4e93d2a62d01e784d3eaeda93d2c5ae15eea3a159c640cc503cd4c6c7216fadc533031dd82012dc80d2f55450d16221ca5e00410c19ad5ac8804c9d92d61984479990b008a4d8df8e8c8c02965d0e27a7e1be6285ae908c163f87ccc8d89625d485bdffa8d3207b309b2dd07b99252c3a1c483b65253b4c848415de005e9ce8e606221a8d703c2f4d82b736fc03e06b497b29bc73aba99cfbe224ad45a4b5f6b34ff90e6a3a403269f58e50dfb24209589faa8400d98b920f464b874800022b86026024a4249290e1e79c1809b6a0e9e473dcd800c14998b0449da4e46de3a1305128d1808d0429585f96d662c02c5d3f367b4e4fe01b15cb5c358985dd477245a92d1e15221621aaef0d4d42c8002c24cdd0eeb838b5ea66be2433ad48124131281b434d9a37f5258b899cc9764b922b687981d4f828cadd10b3ada59344cde2b4c29d751e145f99fa49b3eda5ba7c324a4d949b5a68489a42320e1c948aacd477660fda0b0309b4c972855449f589cc49c1a5c5ec8708053ebb6e15e9de1713430e0e20fdfae6db2517ac91f121af2c39889cfa809831e24f244e00461b1a3f842b262c40c50a40305de4196090605fcefb6a8a6ec18062876fef473bf2ab65416b88ee2c7e65ef0878879ef119686d616892906a9d11d469133b668fdacb0f055325be5c4063ee4fcac32d574d14e5e7424bb952c71c7f94694785a87fb1e30c62c95c86fb304a399923d0926bea68fce58899c8608418efef1a3ccc2fc9e97ec209718c1fe05d627fa450349494ef6a5c1d088590969f416f837ac04893594cd32614fc12c6e941ab43126fe48d598d82f1521287c993144bdc95083e7c4459d8fbfcb24c34792b2e4970d3c14419a6c9dc57c2735cc7540886521bbbe25ec110449a3894922a8b75a7c018747ec4c5b5d71917d994bf64f100b3f9aec0f9707d0156147a776b6175bc91b853f56967831dc19a6410d3c706b2f36f790c76d79118d303384e61fd17127d64e0628b8eae976c6b87492138b8d022658552e19be87b6d6f1f0c334fff636568a9e76a36858f956af2155ad41c69617898d13521a7f7bfcc1b293f6b990b8d64d356043e99b782d2108197af35064411d2c2a6bb081bd575f87a8d653ed69bcae40fe363909a2fbe1f1423a35ff33ed0328b82f3d4a08a9b6f430bbe758238919c0410f311fcd32dbc0f54bbe5f72068bf91711b05881181765c8478fe6bbad4cb1d6752b7244a90a50158d632166e2532a219a988a5a75a485a479c36ca6425d0e08f1f04499bc754bcbd91d8f7058812823ace5d4ba8f2aac156a45078dc89f4048695c13f1b18bcb0d258b096955caed09a5046c31319ec1b3985790c3a5211ef51b280e3438713ee568e6a5996ba490d771c9f10cc34984148be9f71c8a9c5717f927d843215ffe0a8d3d82250e1df8373eff22d374f0a8e7d70674302571e04d07743cb498a21418a24ad0f57196541653e05aecf439473d3de8de498bd80c239e2b92c5500bbd7ea7d72d14c36abb84b6a6685043e4464aa2b820d6e9f868aad01b1a96c7e0b114423a6a4b0a88293c559925026b52602da941f7cb603c427dfa2f0421b1bd4a85e63d5353ff1c51e594c4548ba84c1e49bba48147659d815b5fde5a843d184a576331bd498707aca7b42c848e6a4d9481d96ddb296985427d65b2cfb7d0cbfcab9d977b2cefc184e828486659750ce6a0423e4dc11f5ade1ac078b5bcbd08c216c2f8c9f8b6c4fa05ecf46b0a2a44431c87b6a4b87b9cbc1ad27303c55d71422b58cc4e295bb9401175200ac26eda737bf43409dcd7a5dc5e16d2e0f878266ca1365913f957dbf807de734830726c4079b9863789cdbd2ade5943d9d240d42cd8510304a39408fff3d82097783b8ce419c9d4dc8550ad48e0c046a97514ca7b1a22561ede844d4435a9591689c42309609bb4a91fb455c023c26e89409c229ec83b892ac33a1420e0f9d2c3a4a838b9f644a34223a2ecd22fada2b557f87b6c3731576384380faef2e61ca6394c60dbd6f379ad6f7ccc52ceae02aa151d24d5a89215cd1d104f0809e4645fab08cbe4bae208b4815b09d0e2d63229d52c26e2abb68379bb49038638deb9f19c8685a088be9092c8a4861821dfc23222c320329a111f9b7a6895dd8a382429d5e4eb50027dbe9b3d30e7806cac6d2fbf622a9ddf3679ae167ab945fad68e9d25574468966664306036fd4677a9628d075b156fa24053313df2c82e1267400ade522245cc6b60c88e798e3fb0eadb6253e654f605d21314423e5a23d6b026850359ca31dbe246db62b96c43ab5f80a5a9c6239e0291dc2a1b24e7856eaee830911326a46d4d2e5d8f9aa43e3740156961c97a8ad11b30f5eea2d825cebfa61e117acc0d4d916aa6bedd20cf1fbb80b48542f8d1fc0f5d97329a22ae0b063754554c0d79695e17e2ebe36acfb2d0939e1a48361a5603631c06f1c4dbfc436a39a10187d9b290f2f2476dc348768d451b354d1261ffb837c082560ea13bca7ec1b2aa8852df00637ad527265a2e8eb0b88a5588d93d5221ae3a0d8baa156fb24d8e7ac9656af86a5ede836a0d373515448342b3a1893dfe0021357a24271df01c5ae3aeb43a724a181a4e6142d82a8904adc58cec02126b6589672e32031cc1723266db963aec7c1c0f8b3d4728999a0663003374baa1c92eca2569d59ef6b8bdafe80a5a57961330439346b0ef55df73c8e6e1c5d40e11f505a8f00b0a921b531a56c0e5344fbf0b2c1ad54082cd38a1effa89e352620935c3e71af16145dc56118e4a3169d5432ffb53145d6c4cf9c69c65a2c0fd8cbcee23b653f45bdc49263df3cc115a54bf2cb64cc055a6451942e16481dbb9548f115315963ee727461831815489a68f45abb4c8c78ab975b9b8148b142b44476249188e6ac8d02d90d182a797a9297d9440b825a6fef89cc618ea81b5542253096137591369f1cea9c48c69288c567e9108a55ca98f7d2bd7175142c6e90581542663025c62809fea7befb22f24dd13cb5546509b8c547dc78cb08ebd8556bae3b3c79aae12ae94b013138fd9046d55d262717131977118e416653acef317a85882bb002bcc9cc59304c265c945f43c1b99d648588548482f8c42c5f265458c113650f27ebe8c468f0aa1cb75ccf44dfe18c244b90c1747e11033c392a6c8e20a024b4ff8b89588a9af20a3b3485431da553fd05cc3300ce2e12443695b457991ab4048e700f43516661ed21a5e3c353395dd5cc4835391d62d69dadd220f1930848ff96083c90171f6c888e973db5350894a6a9e9c6690f9349b67458c216545110542b6dd5d7b1a634ba2e095217ac3ed7f7e8bf83f57da09a0cd1534a929a18a08b59a3a53ef169355f22959ddc9af09967592f2e993a63cabc47e129346c14e1221d738ed19d46cd62d293b119777ac884680f917d467d6a4cc59130632ba81e5b390915a466a63c0c9e5e81dc94dbe38a2e78f2890ad78320d199ea6d0220ea222956e3942e6c6eb964a6c775c152daa189b844d1932219adde1164e2a324ac9625f1c2a5958a2e273830e1df4ab48ee05e1f6139905a1d8af22dd6ff1dccb5ee3f683355e2e2e2611f6f9d0ab792c5b70eda1fcfa9eac123d722d4198dd14b1865cd7931ee2d459312c622586f99f8980814a9409fb1151d3efff297102e7fc7c3c71e1e8084b7428fdfffd2f9c89014781a427703de4eaa3d6226a54d0d1d6fcfc8d7fadaadfe3672fe2af3725035c45ca3ac89898820eab088ed3fca7efb97fc083d2658d63677c334998c9dc08f8ba992092e10ed04dcc0157e22ac68b9f2a9ec0b35cbea1583383f065b58143969b564792d336157707ccaa6c549a3e3243a4b1836fe1a743abf4b305b72f30014aabaa89cca1a84a065bb865c119983dce447e6205920c2e47c8770aaa4d918017ff4650c9d6837c5ff2b0b6ab36a89a431c64a0548fdc900caecf2272c2d43ea4b67d365e55ebf7df1ae8dffe0f8735d410d2558cad37bffdf6dbdffe81f59aea09b68cd2033842daaf9e86b041d42570fe0d2e9593473252d11f7e6b276a712ee6231d2ef52732bc58bca1d5df51796a03fb2c66698bd6efbe31d15ba1e6391521f16f05f4162e7acf4d1bdb8a82e2fb570fd9fd548c0a1ac288d807f461059ad2108696f7e1aea9fe34ec10166bbed5a1cf7776f1b3bea5658b0586b0c6115e34d0ea1bde6ea43a662227830fab70d10a1e6f42e451b8c72bf1fd1c213511650d2198f1461fedae404b52ad0984ac66d53feea614054294c82bd92476f570f5224708fda5ca484c8019e1ca27c4962437946792e0bde5eeae2808892c96da12c2b7aa2fabaa0849d3c5323a58b9b8722065181111f61ebab89f963f6732dcf20a6da48cf23fae00c20ed57a8a70240f71ef99aa1714c1272c29fb07175584a057952e5a1577ef7231a37ae8aa08c948971be8edc595b7482cee1e1033ddb0a2fd3f270a000972c5c0c08ee9b6953b5849f0706934c20fbc8f48cec64987db0ebd6755843510c4670a31c2d5c38af40b745b41482c5ea1825656dfc7b1054b92fa7df4dea8860a7524eb0049c012b4ade8616c4b53105e7ccf1d9823179d0842eb904259b539423068ade6a140f856cc56d00834b49492160153f30efffc29f692ac1ce35999c3d54f636b739958777a7053e30d4518dbd2d81ffe3e05e1eaa11783124fa619d7fe0a43c8ed1ae15347205cd915068f22c42e795fd2371a79d81f76a5691b96f7638dfdb4fa410bc893e4c7530a4df8d303cb8011c6fe308e69d2106255a2292e305eb40808bdc24786f09041272a5dadbee108570f05d729c28a8576252b4fcc0f867228db5716fd0cd0dbd53763d682108b17b03f8ba06be82e6ef69b7f94629a382eb5cc00f1f52c416d23898980d06f1c6808896c740ae83dfbfe531c4dd3dc3567e5766393c226fad047751a8fbc30c0afa1bbab87e32730855fecc0d33bc4047cf33b292e8d738b5484abfb367f589c8d43dfdcca5bcae5bbdce3b389bb10718072e04ea8167d7813779bce9cd60f91367d578850b08011ea154c0339bc0dc2c20ad19b6f7e4f548ae616527e988610bb4430bb6d9a84497d2b47ccefa180b7c71ee58126ae48004566d7700f77e3f8932eeef10d7b1adb7e0f10c2604499116b5e167832dc0db09de9212255dfc8f9a194e3ff318d8736d806b61f841b7f784218121eaeecc79a458c23bedcc61abab22f00c62b2b9c013a10e34143bf41271e218906e8fdea1b68ae69d8992b2864b6c18566cb68975a0039c76f593c824843b8724094a9d071c34a246634c93d5d12d2605ec542c67c42078735ab871da91f409916ce87d081e0185d34063eb26e58ae80bbfb91ed884c9fa1b5a9f70941cfaa1ce01fe53a8d546bfb530a0b0f4d6b4ea87cfd8188e9aa94e1b47cf26a8b108be9aa34a9898738c7ec62b02b90f3a3fc82fd7dbd5083c9d9c77100fc31302fb901c2e6c527adb80d2c3f0c20208c6b6d52bdf44fe6c0f4c0b8f48bc857d527b7c4a199a0e0c30af6f6d2174511b254f677990b61eb15705287fe7c80727a80e6a3d555ba14254cce6d308ae2ca4f4600fce64f72bd54aa797f9b8650ae2e887e7a51a9522c7f6291b7e72a5b0683c3b770a3b153fee11b9ab58b7d2dfd22babb82a3432d15b4f757f92079695b227c9e99626bc50182c3976ade20e16cdee21fcd2e7f5504a6d692a7c952481de2cac13e485b03eb6bb7184601da87c6de9bbb157007261042f882d5f6bd3a6b80e3f115913c91b3880c0fc3466a60f5604eeac35d91d060872fcd5b48734fa9410daab7ca569bbee728a34c4079ec9695d5d5b7071f0fe13987fb1f3fbda759e3c57d4371a41f87de7c554d052be20a3ce42319137883106cf4fbb81ac734c4921be6be200a2978e8cdc14a9cb081c397e69ee4f9c33484eff74947f677ef7eca49ef7f69572b71888d2f5b595d79ff16ff2f6e0cb3256124ab2890d8c914b142b391d5f787887cf7e6c3eec15bfc18aa860532c36b709a74902a99c33fafc81dfe469d3f94e680d31c221edd8b07775757b18b5b3d7803f7064e4496b57e5a49bb85dfb8ab4e82f7dcba14a72cc02a46df2d60d877d998ecee1edcc512418609bb21062320c63b0990b036e7a255a5d53faa73c0d23cfebf8feaabe8f3fb8f1fde00ba37bb7757c70084ebdfbe41321dda72d9bbcb054f8c952401385ca4e18a4dec61c6e031020411b68bde2a6dfebb3a8f2fadc5301bd3449f57608cdf7e33013cdacfbb12adac98d7ca817749b644ad78999406d4eba92a37a23e60f179a44f099bd23e77161516da74461ad393a49503d356368b2ba2762df582752c6f58509bd5b8345ca2414e8fca5f49d5166c4a95f534d29aa8b3a09ed9495691610b7e2980ff4305ac8dcab9b88bb540f243584c2b395d80953551f2bab633a00533c29a699929315264b34689ee218fe747c24289f517b3abe2e913afeaba36696da2eb674e9b7c33420f259b7648408fbbd65e4225f822648b68303b3b010a027aab8d2a2e0aa5165c7d6da2b4bef44cde1a650a4dccc73b8139e9407624d60a5146e33f4856425f213080c92e99427d7da9b446f8e4df1a6124afa12cc968f79ac65373ea8c5f7db1f03d8e67e9aa8080015659d3d4d708cbebbc4f038f91824ca3e59722871f636ea21a6521122ca491394cff34d8a4395d1e0cf52d8912ebbce5b5faa7fcaaa12311ad61b5bc88f5d3a55f00f7ca9cab3e83d1f6e3fba2e45a7d69bfc569be69e88824152e48e7b8b9c4a9495b6813df19239f7de726f75bc87b66ceaaffe3497200449bcac226c97c28b3dd8ce5f810052bb96746def7f4d550184f6e6740235d56d56a23a713573cfa9213af886829b1ef49debbf6d5d0d043b60b2f99775bd447f0e90984dda2b8aa1248b7947819848b40ec83a4fd879f2f7d2df4e0fffe8575efff3d80cfffc1c038cd0abaca2f52ca8c99ff80af3e5328826b84e43da473d35f0bddb9f3d7bffef7fffff5d75fefd08f7fe189a6fd9f77f8254a4ddcfd2ffcfd9c710fa9bc0ff8cacc854969c6d0adb911bf196866e4a57730cdceced21ecdfcfa9f54ff3c7487f7f18e9c5e57d17fddb93073c5b80f58decbfd60766280b72e27e93a853873dbf09b81aecd981f23d1fddbd736c850ccdcf9f56fd0c7bffc7a8777e1cedfc8dbbc9b1d37f403f457fcfdec03f35e6e793ffec6a44c84e14ad0673a40d357c7db12a0db18e1b5f1977d77f9cadc1c60242475f0ce9dfffe1b9145fb2f7f9bc1006736e294503db2513a53e1fe5c0aa28910fec3a9202497ce19871e23fe7543009fbb9f72a6827c2ec677938a29200c6c99b090c7080bc81e4702a1977a492e70a20c3527dfdd9a4ee9480c7df6bbb47331045771abd726145340a8c5cd2ac2b124108e7d0387435ce2ed71830fcf4a39db443e9f66525b739608d9863908cc000007b0494441541b73c741c47626ed7c1ae58ca1096dcdd922a4067fb42f9bb935e28c21f99ca8cb29f27ece0809c491a33f7d9996888de74411c6f2b3be260278f608c1c95d1a25a71b23cffa22b686cc190cadeb1331f1ec11a2d14cc42c249c0b0c76860d903873ef9c7918441ea6207903eedaf511ee9a85316967eef1ba0fac249a8889a78790d577fbc9d29f089a4c2cbc2e9d9b68181eea25f9d997a7c043cf49d01884861381711f37d2fab3c158987af6a5727ee924e6f4880847456d4984f76fdfbeff2ef9caaf303d2099655a38ea105af90cda097ce24920bc9f86f0d6f4ccdcecd5c469e0a554970831f7b83368957384af8e0f6c8e8cf0f2ad046d5c484338431db8562a76c8a01859f86082738495b3a06f8d65e291115e9f9dd1e9c228841766127dc5e6d09cfb90f89d7661c459d0ca79debf8c65e231106a34c3fb968e502b51a7229cfe3cd179de24182017e6201f3b6984dffda2d2e72b47e62135bf0680f7273b935d3d57ffc47968b2a4e3f4506b20c5d2809999ec5c7d120e50fbd51e6b6c8e88d0d56934c2e9b9d90b0f12b6b4653610d8ccd048bb9612cec4a4bcdf624cd9ed4b639a9108afdfbe7ed5a05105cb3228cfdcedc9df6fa1bea3e44479a8933d122125dde1e37bae26631190d189df51a2be6766b49c9e36c2422b31b7181a050bcb288dc5267acf8cfaaea02ba3ece9e9214c25dcb524c0692ea313be2b487ddfd3a8e0edec11164dbe022cee91def7a4beb3eb97114c3c7384d88ebc3368e1676671277e67179d9a24d5001c205c4e57c5b34608fd4aca140ecf691816777b3c29efcebb929a479d31c2d00cf0fe31de9d47e5b4c0ba9c1e821f1161a051fd4808a32e4eef9300e166e9fd879302d4de61792105e2e9456d3a3921acbfb93c9304b871bc77586aef21fde5cc11d64b9c2a9956956e69b87acb64113e1ff33da4f2bb64b1b54929f31f19e183eb2a5dbe362ea6e1f4eefec6ac619ca7df312b73f477c9d27a95781fb0d9a01e233f9c5369447ef81da5cfefae5ebe7dedc2ac71660dcca8f43ee023be7d5c7da7f37d13c4a3234ccdce930845963c3d9d543f06f0329fe63dce3b9df5f7729b267d4e15e1f842d8ecf52f7b2fb7f26e75d708f17c118223fcb277abd3fd18f10b8cae24209e2b420048958898d105741ca24b8ef99124492e9e2742004873bcc03a8695e1e448371b209e2342d0410a90b261d2ec2b41c4a00e6955a008d6fe2b410856948aa83d3c96198d89d43dda36ebbde617cf0be10c2c65a1f10b3d19d73f3e4066881944ec341ec8bee99c10ce5c78c77d0305f885cbef1b1244ccd15fa430fc7c10ce6c7ce65ca3008fe1080d10877cc32e1432cf15e1ec35a177b9e191c3ed111099d300d32c4cea7920042f21f5e544007288ec50409cca5c6661f0d9239cb9806d4c8faa0c5db1fdc5222a1a14011c98d47fd898e608b5faf271116a330d1933c2e95bdf09a6d175ee27b6c7c7971f57e2920a08d5c9f97a514258533732a52ea300840d75c353c78470864868491e74ffa400f26d6dac1619e06cec2a969823afbe4c4798a404c2e98d77e4ec0b4274b1e2896e7fa1015c9709251439aecc1a115a0ce103c34f978f8f7066f6b62524946ee83a7ea866a61cdd8bc56ae6a0e65737f4295d427cc80d3fa5549767463c4666a0dc38ce268e196c8f20ba7d97bfce09261a6f4f4fbeeafd4b6866063450792be8e9ecb2a35ea3c024d5c301c52fd74cf5a193c6377b0d9bd03663a04d778d9c9097d089edc0e195f31611d5c9566a7e01be5b0f24d1619ba14e6d8b5d8e9efbc1e7777250febf7ce134314e6f5cc26d94b9ce511b5a3b79158cc955c7d003c8d74f0be3ccf4c66500c4a704990c9df20e42d64a8707332588efaf6f9c82cd999925f8867ca6dbee9cb2840a62fb007dfed9870dd7978d35e92fc2770be4b31f37439b2d8f59877022c4b45d080f7d3fc2832bd3e62d1fc78137377d051ce050e0f3baaa953b6d621bc6ca62996a09664fbe334f2e1c1ddfecc67578fc40c009e2fda367451e3b92c41532e310d40fae5cf8429033b3176ebf236844506633f3d69e6011c209129f1e6a088c768604765701e4f150cecccd6edc26016d3b8cd58d1fd77126a721c864f3732c1ab17772e868bfbb7f2b7d3e250dddccf4dcadfbefa864c4ccb239beea5958189deafca099aab46c3c62c02fddbe35333b3711cc19ccbb995bb759be5595df26c347b1397231de2992c74f9c6bca4eca6bb023cf1e5cbfb2313d8b4d6c0a500c6d0effbe71e53acbb56a0d59d5c47954bdb355409504c67e288752b94a959f7cf1cba5eb57ae6de0f86496eea29da31b8d67718c70ebdaedeb977e61d7b5c5f1fff40999e1d7800fc813479594d568231735e4534c3ebf7b70e912dbf87ae9d283779fa5df9af44d8e3145e2cee679e3030ae2b373aa7a4895f37cb79cfe5a683899cdd3e3e8487ade79e95f82a463ea8a2583d5cbd5a3921fb6dc6ab1d82916ab6e2bf44b51dd9022d8a5185efbccfdc348f2a48df185f07825142794ce862c7e0de2a991f20a9366181dc583d951281f7256d097ce7e2d94f395033a879db064dc61a550108545e540c4827f9a19ee17935dd2cf365e2857c34ae4e45496da3927aa846e593fc3cca8c65f1d3961caabbdfaed855ab7b6d04e796f6bf998fa7b3ec45f4c3c21d5aafedf133a414ea5511e8773a9dca8fc5d829328e794fc965b2c17ba0b7d90cf7e7fa10b47ebb4fc92730636e57f006e0bc2f0fc6318b60000000049454e44ae426082);
INSERT INTO `party` (`party_id`, `party_code`, `party_name`, `logo`) VALUES
(4, 'DA', 'Democratic Alliance', 0xffd8ffe000104a46494600010100000100010000ffdb00840009060712121213131313161015121715151513131012101518151517161717151318181d2822181a261c1718223121252b2b2e2e2e18203338332e37282d2e2d010a0a0a0e0d0e1a10101b2b2520252f2f2d2d2d2d2d2b2d2d2d2d2d2d2d2d2d2d2d2d2d2d2d2b2d2d2f2d2d2d2d2d2d2d2d2d2d2d2d2d2d2d2d2d2d2d2d2d2d2dffc000110800e100e103012200021101031101ffc4001c0001000203010101000000000000000000000507010406030802ffc4004c100001030202050805060b0607010000000100020304110521061231415107132261718191a1325272b1c114334262b2d1161723435354829293c2d215a2a4d3e1f044637383a3c3f134ffc4001a010100020301000000000000000000000000030401020506ffc4003a110002010300040b0507050100000000000001020304111221314105132251618191a1b1c1d114324271f006336292d2e1f123525382a215ffda000c03010002110311003f00e11111774e0844440111100444401111004444011165018444401111004444011110044440111100428850c3279111405d2051114e5308888022220088880222dbc2f0c9aa6411411ba579dcd1b071713934759202c670652cea46aac0da06f3901bc9ea56c601c95c4d2d35b2ebb9db2089da8d361720bfd27e5eaeadadbd5878660b4f4c2d0431c3c4b18038fb4edaeef2aacef20bddd65a859cdfbda8f9ee93462ba5f42927238985cc1dc5c002b7dba01899ff0084777c900f7bd5ad578e55364734ea0d475886b0e601fac4ed1ef5d6b1c08046c398ef514eeea2dc89d59439d9f3a54e8662318bba9253ec344a7c184950b510ba376abdae8ddeabda58ef039afa0748b119e195bcdb8069603aa58d235b59d7cf6ecb6f5bf44d6d5d38f94471c81c5d76ba30e66448d8ebf05b2ba925992583576517b19f35a2ba748392ca596eea671a57edd5ce4889f649bb7b8d870555e9068ed4d13f5678f541c9b237a51bfd8771ea363d4ac53af0a9b0ab5284e9edd9ce4522229884222200888802222008510a1864f222280ba40a2229ca61111004444011656e60d8649553c70442ef90d813b1a36b9ceea02e7b961b4b5b32965e1123a23a2f357cba8ce846cb196522e1a0ee1c5c77057be0980c3470f354ede6c5b37e4e7b9d6f4de48e91f21b00b64a0dd24786c51d252817659d239c2e493624bf8b9de42c05b2b74785e26d9db71d170f49a768eb1c475ae5dc549d4d7f0fd6d3ab428c69ae9390a9a79a29eef71748d20879b9b8dc475757685dad0d509581e32bed1c0ef0bcf12a212b6db1c3d13f0ec2a3b0b2627169c81c88e078ad24f4d7c89d2c18d20a1bb9b201b7a2eed1b0f87b949610fbc4dfabd1f0d9e565ef5316bb4b78fbf72d5c31bab71dff007ad3398e0c9a3a4906b18cfb43dcb7f0465a160f6bed15fac4a2d66b7a8fc17ad136cc68edf7946f929022f4b1e7990d1917387564de95fc43569e0a5d531c90d435b3c5600f382e49272078ecbdf68202dbc7dbace68f54799ffe052184d2f37181bcf48f69ff004b2db38860c60a734f393f7d1eb4f4f7969f6b9a7a4f8875faccfadb46fe2b855f4be318a3200dd61afae6daa2de8fd239edecdeaa1e51343db4f6aba617a6948b86ec89ced96e0c2721c0e5bc2bb6f5dcb119f53e739f716e972a1d68e15165615c29044440111100428850c3279111405d2051114e53088880222200ae1e46f010c85f56f1d2989647d5134f488f69e3c1838aa86185cf7358d1773c86b471738d80f12afac525348ca6a681daa2160dc330d1a8dbf1bd9c4f5aab7527a2a0b7f9172d209c9c9eef324f14d1f6484bd9d079ccfaae3d7c0f58513153be178bdd8e1b0fddc4294c3b1f0eb0906a9f59b72def1b479a967b192373b381d876f815434a51d4ce8a48f2a1acd716393b86e3d617eaaa983b31b47985e068754ddb98f30b7217dc66b47ce8d8c53bb2b1dc9a9675f8af40d595807e656dc2305805fa44068be0d67dcecbf905b92c81a093b02cb5b65a95a0bba23fd959da0e66be37cf25ed72ec83780dc3fdf5a9ea3c198d81d049f956c81c1ed39b4870b1681b87c735b74946199ed71da7e03a97b48f0d04921a06d24d80ed5b4a6dac2d86307ce5a5da3eea1a97c26ee67a513cfd28cec27ac660f58e04285575f28f411d7d13e687a525212e06d6259606468df6d5e90e258a955d4a1534e1af6ef3915e9f173c2d9b8c222298802222008510a1864f222280ba40a2229ca611110044440743c9f5289712a46917024e73f84d7480f8b42be2bf078a63ace043ad6d66bac6c3a8e5e4a9ce47d97c45bf56394fd91f1561c9a7b1b5ef6ba17745ce6ddaf69bea922f9db82e4dfd78d3a8b49e351d3b4c2a7af7b245d80b9be8b838703d13f72f4a764919dedf71f815a50e9ed21da2567b4c69fb2e2b7e9f4aa89fb2768f683a3fb402aaaea9cde3493eb2d692e724e1a8bedc97b582d7a69e29338dec78e2c7b5c3c8ad9016f9ceb46c11116004444065603516101e351521a389e1f7ae771074931b66ee0d68361ddf15d19a7076e6bd18c032000ec165ba960101a3f854b139e5e1a19236c584dc920e44eeb589f1543e91e1bf26aa9e0dd148e6b779d43d2613d7a85abe9a546f2c74a19880781f3b0c6e278b9a5ec3e4d6ab56b51ba8d73f914ef21c84f98e19111744e604444010a21430c9e44450174814445394c222200851101db723f25b1168f5a3940feebbe0b7f13a679a89dad6b9d69641d16976c73b82e6340eac4388d23ce439c0cfe283167d5d357b6218cf34f2cd42e3606fac1a0df86dff006179ee1be2a38955968ae7c37d5ab59d5b2a52ab0d18ad69b2ac184d41d904c7b2190fc10e0f53fabcff00c093fa558ced247ee8c0ed712bf3f84727a8df3fbd79df6ab0ff0023fcafd0bfff009d57e9a2b67d0cadccc5236dbcb1cdb7790b6697482aa2f42a1e3a9c79c1e0fb80ac26e923f7c60f63885fbfedc89f9490dfb7564f780b685c5a67915b1feb25dfab061f07d68ec5e073145a7f3b7e7236ca388bc4eef398f20a7e8b4e295fe9ebc27eb30b877165fcc05f9969b0c97d285acbf06ba3f38d6bc9a174927cd4ae69e01ed900ed073f357e8d5a93fbaa909f4672fd7b5914a95687bcbb4e9e92be197e6e4649ecbdae3de06616daae6af40676e71c8d96dc6f13bbb68f35a8e389d2ed33340ec9d83ed3429fda6a43ef29b5f2d7f5da69a6f7a2d159558d3e9d55b76ea49d6e6107fba40f25230f284efa74e0f5b6523c8b7e2b68df517bfb9f96471913b695ee1b0795d45d54f3eed61d8cb7c14647a7d07d28a51d9a8ef790b32f28742c203dcf6122f9c44fd9ba9e37349ea4d197522965b23f137ce41b990f697ae6b971ff00f4537fd27fdb0bb9a6d3dc3a47358d9ceb3c86b41827cdce3603d0b6d2abce5ae7bd6c4cf52069ef73e4bf901e2af5b5453a8b18d592b5c4a32a4dc5a7b361c004408ba87302222008510a1864f222280ba40a2229ca61111004444065ae2082d3aa410411b4119823bd5f753562aa969ea9b6b3d835ad9d9c76b7b9c1c3b5508acde48f186bd92d0487d2bc90df8fd368ec203c0f6972b862d3da6d6505b7778f8a59e83a1c1b5f8aacb3b1fd78649c596824d866780ccae906174f0375e578b0daf91e2360f136f1254356f28787c1d1638cc46e8630078bb5411d62ebc4d2e02a98cd69a8f46d7e2967e593d446e2551e28c1cbc0330d98ec8ddde357df65b0cc0a73b5a1bfb63e175cc55f2b66ff0092a5b0dc5f2eb1ef6b465e2a2e5e54ab5db1b0b3b2277f33cab91e07b38ed949f625dcb3de4ca85f4be08aebfdcb0068e49eb3077bbfa567f06e4f5dbe7f72ab65e513132729c37a9b0416fef3495e2fd3cc48ff00c53bba3847b9ab77c1760f6c1beb7ea6fec57bfdd0effd25c50e1b52cf4661d84b88f020adf84d40f4846eebbbd87ec90a8cfc38c4bf5a3e11fdc834eb12fd68feec67f955da50a74bdc73fccdaec6da2297055c4bde70ec6bc229978d5e1504df3b0b1c78968d6ee70cd415668253bb38def88ee171237c1d9f9aac0728189feb3ff869cff22f48f943c4c6d9daeed821f83429652a53f7a39eccf6a207c0759ef8f7fe93b1aad03a86fa0f64a3acba37781b8f35c7e2fa2188738e71a5790321a8e8e4c87b0e27afbd7bfe342bdbf4a2776c3f710b6693952c45ee0c6410c8f76c63619dce3d81b27c147185084b31cf894abf01559ad16fb1af3479684e8cd4fcba032d3c91b237738e73e27c6dbb41737322c4eb06a81e50abf9fc46a5c0ddad7f34dec88061b756b071ef57054635514d4125555b638e56b496c51eb5839f66c6c7124dceb117b64071b5d7cfc49399249399273249da4f5aedf07d3c66470abd28d08f149e75e5f86ed4022cac2e99502222008510a1864f222280ba40a2229ca61111004444017b5155be19192c6ed47c6e0e6b86e238f11b88de090bc5160c96ae9242317a3656d382e9a005b2c0097116cdc1adf587a42d9b9a6db400ab5db9ed5bba2fa453504e258ba40d84919366c8ce07811b9db8f10483dae3da390e2319aec36c5ceb99a9b26bb5f69207d192fb46c76d07d6e0ded9b84b4e3b0f63c0bc311d1546aeed8f9bf6cf66fd5ad576b0ac5d1de4c259007d5bcc0d39f34dd5749fb44ddadfef772eb850613870e93626386777833cb9ef00eb38770015485bce6f18f5ec3ad73c316f4763cf72ed7e4994d50e0d5135b9a825941fa4c8dcf6fef0161e2a6a9b93ec45ff00980c1c5d244cf11ac4f92b06b394ca66dc471c92f02756269ecb927c943d472a139f9ba7633db7be5f76aab90e0ca8f6af04716afda88a7c951ef97861771131f2575a76be0676c8f3ee8cada8f9259cfa5511b7b18f7fbc05e351ca1573bd17323f6220efb5acb426d31af70e954bc763638fec80a75c14f7b5dafc8a52fb5153627d918f9fa13f1f24277d58eea6bf99916e45c94d3345e4a992dbc86c518f306cabcadd2ba8397ca257f6cd26af85f35013cae90eb3c979e2e25c7cd6cb8321bdf8fa9a3fb43752deff00e57822df3a3180d3fceced95c33224abd6777b2222fe0a5b45f1da1925e630fa7bb40d696664229e36b760d6240739e6d6008cec73b02aa0d17d199eba4e6e16d9a2dce4a474231d677bb834667a85c8eef4971b830aa7341426f31f9e981e9349199247e708c801e88ee59f65841e8c35cbc3a5904afab555a751bd1e979cfc88ce56b494544c2963378a9dc75c8d8e9b307b98096f697700b80401174610508e8a397526e7272611116e68111100428850c3279111405d2051114e5308888022220088880290c131a9e92512c0f2c76c236b5c3d57b7e90f76eb1cd47a2c349ac3329b4f28b9b0bd3a831085d4f24cfc36778d50f639a0137fcd48e195f658d9d9e46f9ae3b1bd03c4a9497301ac66675e2bbdfdae8cddd73f575bb5714429cc0f4bab68ec2198ea0fcd49f958edc00766d1ec90abaa52a7f74fa9faed2c3ab1a892aabad7ee473abded25ae6d9c322d20b5c0f583b13fb48faa3c577ace53619da1b5b411ce3d66eabf3ea64a0dbf7963fb4f46e6cdf4b2c078012c7e50c842db8fa8b6c5f5619a7b3527b24baf28afdd883cecb0eebfbd6bc92b9db493daaca2fd181f4257756b568fe608dd2ac0e0f99c3cca5bb1d245191dbad23dce07aecb0eb49fc32f03656f08fc51382c2b08a8a93ab042f98ded76309683f59de8b7bc85dde17c9b321673f89cec8236d898daf02ff55f21c81ddaacb93b8af0c4b956aa70d5a78a2a56dac0fcf3870d5b80d1ded2b89c4b129aa1faf3caf99d9d8bdc5d6bee68d8d1d42c98ab3fc3defd0ce68c3f13ec4771a41ca03191fc970d67c9e1171cf06ea3883b79b6ed6dfd7774b3dc7355f13deb08a58538c1622453a929bcb0888b7230888802222008510a1864f222280ba40a2229ca61111004444011109401135c711e2135c711e21300226b8e23c4202981933658b222c1933658b2220088b05c164c19459584011110044440111100428850c3279111405d2051114e53088880222200acce4469c3a5ab7900eab226e62fe9b9e7f91566adfe4420b415327ad2b19fb8cd6ffd8abdd3fe932c5aacd54593cd37d51e017138cf28b474d3c903e199ce88eab8b2384b49b0395e4077f05dc2f9ab4aa7d7adab76dbcd35bb03dc1be402a36d4a3524d48bd735654e29c79cb47f1ad87fe827fe153ff9aa6f0cc430bc4816b5914ce02e6396068907580e17233f49b719ed5f3faf4a6a87c4f6c91b8c6f61d66bda6c411bc2b52b386392da6558de4b3ca4b05cd8ef2594928269cba95f9900132c44f5b5c6e3f6480381554690601514527373b3549b96bda7598f036963b7f61b1171719abef4431bf96d2453db55ce05af68d82461d575ba89171d442f4d25c122ad81f04836e6c75ae58f1e8bdbd9e6091bd414ee270968cf5a27a96d0a91cc3533e6d45e9554ce8a47c6f167c6e731c36d9cc25a6dde16de0183c9593b208bd279cdd6b86347a4f77501e26c3695d26d259673926de11d0f277a21f2e94be50453c46cfb12d2f7dae23046c163724676238dc5d7458553c2dd48a18e368dcd8dadf1cb3ed2a22b6a69f08a0161d1886ac6cb80e92575ce678b8ddc4ee173b943725da58fac6cd14eed6998e3203b2f148ebd80e0c71b7507302e5d594eaa73f857d7f274e928526a1f13fafe0728fa190cd4f24f044d8e7886b9e6da1bce3466f6b801d276adc83b6e00dea945f54af9e34fb00f915648c68b4527e561e018e26ec1ecbae2dc0378a9ed2ae790fabd086f2963135d6738888af140222200888802144286193c888a02e902888a729844440111100578f23b4fab87eb7e92691e7bb563fe4547afa0b936a7d4c3294716b9ff00c491effe6552f1ff004d2e92dd9ae5b7d074ce70199c80ccaf966598bdce79daf25c7b5c6e7debe96d22a9e6a92a64fd1c333ff758e3f05f3300b4b15ef3f979925f3f757cc2cac2f5a6a77c8f6c71b4bdef21ad68da5c7600af144b939166914325ef6350f2dece6e106dd5707cd582a2345707147490d38372c6f4dc3617b8973c8ead626dd5659d25c6e3a2a77cf21f472636f62f79f458dedf2009dcb8b51e9cdb8ef676a9ad0824f7228de506c712abd5cef201619f4b5180816dfad756af27ba30dc3e98c9359b34add795ce22d1b00b88efb001b49e3d402e5f92fd1b754ccec46a46b0d773e20464f98b897cb6e0d75edf5afea856063d1d2d444fa79a60c6b880f6b67646e2067aaede06cb8f82b35ea6ca4b76d2b50a796ea3dfb0a574f74a0d7d45da48822bb616e62e37c8e1c5d6ee000e378ed18c65d475515436e430d9ed1f4a3764f6f59b662fbc03b95a7f803837e9bfc5b13f00707fd37f8b62915c5251d149e3abd489dbd672d2cacf5fa1df412b5ed6bd8439af01cd70cc16b85c11d4415c872a580fca68cc8d17969af236c332cb7e519e035adbcb029dc021a7862653c12895b183aa0cad95c1b7bdae33b026c386414baa319684b4a3b8bf28e9c70f79f2b2c2e874eb01f91564918168dff948b86a389e88f64ddbd801deb9e5d98c949268e2ca2e2da611116c6a111100428850c3279111405d2051114e5308888022220057d2da314fcdd1d2b0ed6c1083da18dbf9af9a485dc47ca957b40004360001f9176c1fb6ab5cd29544944b36d5634f3a45b1a614d2cb45511c2ce72491858d68735b7d6201cdc40191276ee54c7e2eb14fd57fc453ff0098a47f1ad887fc9fe0bbfad3f1ab887fc9fe0bbfad454a9d6a6b09226ab52854796d9af45c99624f36746c807ad24cc70ee11971565686e834141d3bf3d391632b9b60d1bc44dfa3db993d992aea4e54b112323137ac439f9b8a83c474b2bea05a5aa91c0ed6b4885a4702d8c3411dab6953af53549a4ba3eb3de6b0a9429eb8a6d97469369bd25102d73f9d946c86221cebfd73b19df9f005567446ab1dad6894ea431f49cd65f5228afe8b49db23ad6d6399ccdacdb0e2005d2e8ee9a54d0c66381b100e71739ce8cb9ee3f58eb0d83203fd56cadf8b8e61ae5cef71abb8e32589ea896c69a690c7865235b106b647379ba78c6c6868035c8f55a2dda6c37dd507238b897389739c4b9ce26e4926e493bc92a471ec6a6ac98cd3b839d60d01a355ad68dcd1b85c93da4a8d5bd0a3c5c7a48ebd5e325d062c166c88a7c95f04a68ce2eea2a98aa1b9861b3da3e946ec9ededb663ac03b97d2304ad7b5af610e6bc0735c3305ae1704751057cb6baac17940aca5859046637323b86f39197b80249b5f58642f970192ab7341d4c38edf22ddb5754f2a5b0b23956c07e53486568bc94b7907131fe71be003bf63ad51abb83caa621c213ff65dfd6b8879b926c1b724d86405f70ea5b5bc2708e8cba8c5cce1396944fca222b0560888802144286193c888a02e9028974ba9f052c844ba5d3032112e974c0c85958ba5d3032112e974c0c99584ba5d303216562e974c0c844ba5d3032112e974c0c844ba5d3032112e974c0c844ba5d3032112e974c0c99582974250364f225d65405cc99444401111004444011110044440111100444401111004444011110044440111100444407e50a220255111404a7fffd9),
(5, 'COPE', 'Congress Of People ', 0x89504e470d0a1a0a0000000d49484452000000770000007708030000000ee72fb800000117504c5445f9c217000000ffffff0094442b3990be1e2dffc818fdc517ffca18ffc413ffcc18009341009146e9b515d2a314d7a714b4b132f1bc165d48081d2e8cb700003f310671580bf6f6f6392c0500903b008a2a97780ee0af1594730e433406888888727272bd11242c2204d3e7dab08910a1a1a1c5b52ea5810fc09612cacaca241c03323232bb00194b4b4be7e7e7bababadadadac6dfce886b0d575757130e02bcd9c3001e879397be1d17037d610b4f3d07949494404040f5e4e5afafafc650551f1f1f121212dfe0e9cdcede50599ee7f2ea001585646464eeced0e5b6b9dfa5a9cb5f66d89294d0757946a263369a52ddbf86d7ba00cec0a6d2ba258fa93ba4af33797eafc8b48f0006826a71a9c5c3dda4a7c8414c9882c96266000009e4494441546881ed9a0957dbba12806dd34aae8393eb10b260872598c66c0142a049a094b56c5ddebbbdaf8fd2f7ff7fc7b3345a1dd3da49e8b9e79ecee9396d1dcb9f66341a8d46328cdff25bfe3e823142762c0861fcab90081b5e10857eb73b68fa611478464c7f762872c3c1a2a9c97010baf673a2b11334eb66aad47dd7792632c2612b1d0ab21822f40c54a3fd2328955edb983219e370e3a7d85836c2a98eb35d1aeadf3fbe5e5e3a5a5b5b5b5abe3ed67f1906f6b4a818f9ea97b797d63b354b48adb3beb4adfede9ed294c65e597e74f368d74a91dda34df94ed59b0618057264b7d7d3a0203bd2e0f56072302a4a5d156aede6f6eec3dddded8d62f11da9736952bfb623f1ad35fefdb777f75b954a652b16f2d7fddd5bfecb9a78b938997749ec7687413fac54b6565e2ab2b25579f981a9dd11c62e4ea23112d82346bdaf6cbd4c91adca47a6f49230f5f8638c833efbc80e0cea475d534deb0ad3f9848327f06abe088043ddaea4ea2a747e790beec51a2d8e6b697ba062af566fdf559e54970cf3bb9b55aaf23a6bd61dcfb7c4e052235f7d6aec5937ef9e32f44ae5dd8db5b7f0a9a66a5c1ccfd2eafcb9fadc283456ad27c84457cbda8b5ff97c45de3e82962d6f0caac3acbc4cb1b3859999c2420c4e21039560e3776628f81ada36f30f310ea0e929b15c6db631438482ad9b7b759c572af7841a1bb9405e29cc50cf3f85d6f903a65d567cea3360395821aff089bbbac05e697c527cab9a5761ccc2f212f9c8bffe98651f2d2cecb100f291900555626766fffd2779b03c5ef4c055b032898ebbe62b096eec59822ca8b19105f68b6b92a5b2c31476f26103c597374ddf4e015b6fc57aa0605f3b55735ffa742fdf08a3a674aa38f0f53d45e382000b6ca320b0c88ddb9d10d7829efbb982875717a35b3b8bffd14669a61ec1cebc7e4583dc714dac10f379f4e55ed5e1713e8e002a78f5296d5f199e0871bbf93dcbeed226d7e4b390b3b5910a5e587d0a8ba0e536f9e594b7cc2e43e155acd7f538e449f08c04b370c1b04c5d93ba34641ff5ec1ecdbdb926e7a119daa96065de7e89b14c5df00ce8722f7b90c6b0121d13afe2894b9dfca082f752b0425d7393fc7a46ff997d55b29b893e53859106a65ebd97c0b2e9c70d7d9d73809db2185e91b59875ac6b1ccf63355c10ace1f6c4eb3b62800799673002b75a5786972bac82e91f156b4b75a9b160fd5fccec582c6a10b7da975faa83bd9431160258c355f68cfb72903273597bd5ad8844381dccb4356c75fb764ad60670acace38b831ee77694ed96d9621d4f8039d6f0d472c0992556ffaceaf2e94bb8a7caa7b8c23a5860915610a05ce875d609ccb867d2524c867ca4d05f023cfb1f6e46ac5504ce6a740525e24e4ddfd769faaade0cbdb6f2ea9b3ebe1b760a5601abee3ccef81a6e8b73357f0e511a56f1675561c59f33c78df4f9dbc2e95865fef6e5dbe3cc5f0cf16a37355ebd9681b290d03819af2099cd1eaf587c3ed1e2732ba16dbc301c24e2334ec467683cc8cc4d5d8fdab66ee48503cb3a48ae475df1fa38eb91bafe7287a67b2c154bd7df0418bb1cabacbf51e6f5372ddf20ea8e6047c093e51b3cbf3a11be41d555b122bf4a8cf144f915dfe95f4b43c7e9772a3609660a1fcb6895277157f367daebbea779b2963feb604f588ab964ae4d3f5bd248f588ee377ca44d204b938391fdc2a6dc2fd4f3ed8fc05cb43d51d853c3c5c8fee840c9a131df1f59a06e33d7fe48db0f9ec68dd3b43d3f971a4b533b03d82db09a61ce1d3f2e4b85d74d23057bfef5f0f02b27af8eec7fd976b09cb396c44207dbef7f19c19e7f7d3ff7e2c5dc0327abfbfdff5a6274f39792582e4bfb6ecdf2f16313e8fcf221a612997bf876ae830bb4bec19cb99cbba0834b4ac0bb621e0bd88bcb8717523899810b0d4bcefa31ea398653552cbd4ac1147b717938f74293b9c3cb0b0a26997c83d6af5874ed8e53a2e421ef04c00dbaeb7dbc9c4b5029798e9049bd6ef64af1e5fe38f53ac30e1918caa29f636c3a95e9fc186bfc8962797d321aaf22cb4b67e05b577b8f9787e95041d6ebb183710bc12ccf32cfe0ece6fb53ca72637fb7546c6becba372af554535be7df9e26cf1d7e8313086e64d31dbfde2e8f35d861caa8330bea05bc218e54263ad810be655ed744a01a9d47ef79d8aa89bc379af0204780d9d90651facdff1e623895c3f70f976f2ef82f32fb8cf2d52553c0f2e06a5b391a3c7ffcfe2696ef8fe7f2d9ba3c9e9c505b22d2b96263ffe07c705d6e2dfa131fd351b03b6f4a9d4f3a69d0ce89b2912a4fe0c9aa6043a6e3f1866b7f6d57637776d7f6cf9417fce95de9b08b8acab16cee2f2fad9decec9cac2d2def6b5b6473be34b5f36e83de2ae89919a43fadc36e21b6d7fd39b6e94d535941fef14d8a5efb39a84490531c3c45ed169d67b835c20523bbe4971343ddabfa25e7175c0dc2d82b86cdee2096ae1f163d8c9f1d2ae1885cbd227ffd2ae43f55a80d71d28e98c8c8ab78e431d6243b1561376c12c7694622cac7eee315a3302a19ea97e27f07c5288a8a8121ef5f79ae2659f359e4f94a4d37048aed767921b01cd99cac5661cb21eb909d886d19b9b61e98e866037b55f559dd65ba3965f5711f5605477bd73433191a7b897b7b246541a5befe905fc1711277dfe806106b9dc97646883d66cddec00fc3767748ce43304b3a3606becf42650bee8540d579e0b7bb6ca924dd819eb7e641ea99127804c97a3f341015fa9065f03e7dc62c0e5fa3a5c1be67231bc3a0923219548473ed7dd9e1c4bc765d8d150edb90246244cd488f9461bbda82ded1cef9885729f25d94011b079a693c6ae532cf4dd9de98141ea12e00255770b126e265a83ca92c9b164dad0d0aa5cb5071e8ffc97103a63fc1293e5e64fac2fb1b4e8ea8a198500a28d2b2130fc851259c08fac43a2cd38ec7178665189440b29c6b20d044ef23a8a7d491ed2a78349fa99183900346e93923d3b79d4163d8e4276e3f40753794cd1dc9a5b367d86c0e58324006c3d16f5b66f16b2fa99a218a684a1d193e4ccec01d531770793df06449e3d3f44de1d207f3645435c23c5ce783ea66b9cae4e754fe9dc4f8ba092e2babc7bde3f54432b0c341117c979d3f7928873f638876fae50744bfd3154660932dee08ccd4452f08e2b58e2fd56cfae64a6ad94979556bc4e691e80ba261b0eff2e91b0714b59f104b7ab976c0dc704dd1792c8a956dd619164ac97a019a272ed2c1c361be9d37bf66562ec1d804340ac36217d924f3c180ed113785053e715203a70403276796c3938a5e79502df769e19a5ff12b87c5629bad77b42806239038a961b3accc6498ed2047acbf4ce86ae08c6c8d42482cfaa35e68d889bbf719d7438cb54d10f88713699feab32a114ce444d5d54ba42059cf9d0d3be8caa66cda23651f5a6f73aff360a4f57e073a36c784c2c870a3b0dd0ea340cc90f859b139a80eba61a0dcdaa7696aa2b557d425d7f28fd91648ef8e1dfff9f98e088f9bb5ff96df3291fc1f1faf15414f69b2680000000049454e44ae426082);

-- --------------------------------------------------------

--
-- Table structure for table `tblvote`
--

CREATE TABLE `tblvote` (
  `vote_id` int(11) NOT NULL,
  `vd_id` int(11) NOT NULL,
  `party_id` int(11) NOT NULL,
  `image` varchar(255) NOT NULL,
  `location` varchar(255) NOT NULL,
  `total` int(11) NOT NULL
) ENGINE=InnoDB DEFAULT CHARSET=latin1;

--
-- Dumping data for table `tblvote`
--

INSERT INTO `tblvote` (`vote_id`, `vd_id`, `party_id`, `image`, `location`, `total`) VALUES
(1, 3, 1, '1', '', 23333),
(2, 0, 2, '8', '', 2),
(3, 0, 3, '1', '', 13),
(4, 0, 4, '7', '', 33),
(5, 0, 5, '8', '', 1),
(6, 1, 1, 'd', '', 60000),
(7, 0, 2, '5', '', 1000),
(8, 0, 3, 'd', '', 5000),
(9, 0, 4, 'e', '', 1000000),
(10, 0, 5, 'e', '', 0),
(11, 2, 1, 'd', '', 60000),
(12, 0, 2, '5', '', 1000),
(13, 0, 3, 'd', '', 5000),
(14, 0, 4, 'e', '', 1000000),
(15, 0, 5, 'e', '', 0),
(16, 4, 1, 'd', '', 60000),
(17, 0, 2, '5', '', 1000),
(18, 0, 3, 'd', '', 5000),
(19, 0, 4, 'e', '', 1000000),
(20, 0, 5, 'e', '', 0),
(21, 3, 1, 'd', '', 60000),
(22, 0, 2, '5', '', 1000),
(23, 0, 3, 'd', '', 5000),
(24, 0, 4, 'e', '', 1000000),
(25, 0, 5, 'e', '', 0),
(26, 3, 1, 'd', '', 60000),
(27, 0, 2, '5', '', 1000),
(28, 0, 3, 'd', '', 5000),
(29, 0, 4, 'e', '', 1000000),
(30, 0, 5, 'e', '', 0),
(31, 3, 1, 'd', '', 60000),
(32, 0, 2, '5', '', 1000),
(33, 0, 3, 'd', '', 5000),
(34, 0, 4, 'e', '', 1000000),
(35, 0, 5, 'e', '', 0),
(36, 3, 1, '0', '', 64641),
(37, 0, 2, 'd', '', 5),
(38, 0, 3, 'c', '', 0),
(39, 0, 4, 'f', '', 0),
(40, 0, 5, '9', '', 0);

-- --------------------------------------------------------

--
-- Table structure for table `vd_station`
--

CREATE TABLE `vd_station` (
  `vd_id` int(11) NOT NULL,
  `vd_name` varchar(55) NOT NULL,
  `location` varchar(55) NOT NULL
) ENGINE=InnoDB DEFAULT CHARSET=latin1;

--
-- Dumping data for table `vd_station`
--

INSERT INTO `vd_station` (`vd_id`, `vd_name`, `location`) VALUES
(1, 'Marshall town', 'JHB'),
(2, 'Braamfontein', 'JHB'),
(3, 'Hillbrow', 'JHB'),
(4, 'Parktown', 'JHB');

--
-- Indexes for dumped tables
--

--
-- Indexes for table `party`
--
ALTER TABLE `party`
  ADD PRIMARY KEY (`party_id`);

--
-- Indexes for table `tblvote`
--
ALTER TABLE `tblvote`
  ADD PRIMARY KEY (`vote_id`);

--
-- Indexes for table `vd_station`
--
ALTER TABLE `vd_station`
  ADD PRIMARY KEY (`vd_id`);

--
-- AUTO_INCREMENT for dumped tables
--

--
-- AUTO_INCREMENT for table `party`
--
ALTER TABLE `party`
  MODIFY `party_id` int(11) NOT NULL AUTO_INCREMENT, AUTO_INCREMENT=6;

--
-- AUTO_INCREMENT for table `tblvote`
--
ALTER TABLE `tblvote`
  MODIFY `vote_id` int(11) NOT NULL AUTO_INCREMENT, AUTO_INCREMENT=41;

--
-- AUTO_INCREMENT for table `vd_station`
--
ALTER TABLE `vd_station`
  MODIFY `vd_id` int(11) NOT NULL AUTO_INCREMENT, AUTO_INCREMENT=5;
COMMIT;

/*!40101 SET CHARACTER_SET_CLIENT=@OLD_CHARACTER_SET_CLIENT */;
/*!40101 SET CHARACTER_SET_RESULTS=@OLD_CHARACTER_SET_RESULTS */;
/*!40101 SET COLLATION_CONNECTION=@OLD_COLLATION_CONNECTION */;
